profid,prod_id_1,prod_id_2,prod_id_3
5ab56ab7e520e20001e9905e,23975,46667,27918
5c0a79ca5e0e0200011e1514,29289,40066,42751
5ab4fb514bb36b00018cae14,22078,,
5beb2dc68a5b3c0001e056bd,,43425,
59dce45aa56ac6edb4c4786f,47558,29438,32847
5affe7f3798e76000193be6c,28015,47035,46505
5bf5be3d9916cd00018aaa40,5274,46686,34118
5a163d56a56ac6edb4279873,27122,,9783
5c310b9e2b78cf0001dbff8f,,,9740
5b0d5e9a5af30100016a9ae8,,45935,48030
5b19250800f553000159b645,46255,40793,41528
5afd8ef4cefbac0001c523c2,30839,30127,
5b1126523250e000013d1979,5162,46196,34720
59dcee57a56ac6edb4de07fa,45508,25324,04021
59dceb31a56ac6edb4d8494f,41856,,46809
5b10f8b33250e0000177cfaa,35269,44394,22585
59dceb34a56ac6edb4d84da4,,48169,42450
5b27d989f09c2e000108395c,,46662,
5af2d746172c9d0001bb6e24,42751,45333,
5c35acaf3b04260001d045a9,,44242,32540
5bf134ff22ac7300016edd20,,34426,45530
5b2e63951e8f640001871f99,29968-donkergrijs,32481,
5a54e2f08d11a5e91c0bf68c,40265,45819,31131
5a9463d3428eaf0001dd457e,,,
5c30ff9015cedd0001c1fda5,1743,35560-grijs,22063
5a4ffef5a8256100014147cd,30526,42260,
5ac6858a6322440001482e11,42452,,48029
5a606319a825610001123607,,45635,
5a1f77daa56ac6edb49311d3,43953,46678,48380
5a5ff1daa8256100011220ce,44076,33434-mixxxl,20451
5b48eaede65bc3000149a9c3,38815,1617,42508
5a14080aa56ac6edb4fb4be8,,40678,22376
5b8ad2fb08f0e5000118c248,26166,,45238
5a55341ca825610001a0b8ae,,27315,
5c2e3f695059ee0001c5bdd2,,4679,32847
5b60d5d6eee3b700019f51bd,45103,48243,
5b483b7061afda00015ca3cc,40884,,45181
5ae4e09782f8030001c9dbd1,25496,32961,44437
5b2fff361e8f6400011385c7,43825,32903,46005
5b0c5b293250e00001bee1f4,47551,34072-groen,
5c0c3cec7d542d0001c5e638,46343,,38534
5a09caa6a56ac6edb4489b0c,,42672,45103
5ada70d229767d00015677c2,43920,43395,
59dcef7ca56ac6edb4df18aa,36463,45595,30044
5b22ab8aa374030001832fe1,35473,,45891
5c2bda850279d20001e6fb98,,,
5bad203578e5c00001815f85,46005,42030,45558
5a139a78a56ac6edb46cf0ca,40991-paars,26108,29197
5b003d20cefbac0001234362,,44623,48124-omdoos
5c0e77888d522a0001284336,,,
5bfa5e6da408ee000173921a,46254,48220,32196
5bd6084c91c0f50001c4bb15,,,43259
5af2f3f0cd6820000187c7e0,31158,38492-Groen-XL,42331
5ab3c374c50cea0001624f3a,,1470,35267
5ba24d314fd46400010c364a,25355,46254,29605
5a0d02e3a56ac6edb4c0ac66,39532,20607,38714
5bd8acd23fdbae0001b901ea,38607,34086,48199
5adb5087fd52a8000138b36a,45529,,
5c02a25d82c9420001580211,33215,27912,
59dce75fa56ac6edb4c91dd8,45969,25960,31272
5a9a6de2c72e410001fd76e5,29340,42260,
5bbf74993955e69ea2b854fa,42751,22020,
5b0c54e62e754300015b0ef0,,,
5bf99f82a408ee0001041fe3,30598,,
5b9bb4b508f0e50001dc4260,,38380,
5baca5ac78e5c00001d3c7a7,45186,27734,46698
5b45ba0961afda0001c31140,,32461,41853
5c44d74be944e0000186aae5,,32462,41854
5bf56c8522ac730001dba8ec,,,40267
5b3a0cccd245bd0001a762a8,34518,41450,21368
5aba9dcc1cb3520001f835ca,23425,,44981
5a6dfd9ab378c400012e48bc,,,
59dce7b6a56ac6edb4ca4b1e,8235,45695-4kleuren,
5b13120b3250e00001c371af,,,
5ab51dd1c50cea0001626366,,47709,21368
5aa8b715efd91800016c7eb7,8183,,36196
5a28b27ea56ac6edb4ab70d5,16819,,46344
5ad706bc93916e0001c49eaf,31654,43685-roze-s,44623
5afd5dc9798e760001c923f0,42677,40679,45111
5c0156bc5e0e020001cc9bd4,,48380,35461
5a333f28a56ac6edb40355d3,,26260,41429
5a6c3ac886de490001eab1ad,,43006,
5a7714ff8e27a80001654fef,23374,42750,36168
5a735e3e235bd50001663cfd,,36285,35300
5c0679727d542d000151dea6,20642,29230,48267
5b35c9c8c9ca860001671f99,,40773,30928
5a3490bda56ac6edb479eeb2,40452,,46005
5a3bea72ed2959000105d40a,48030,,39776
